[
  {
    "id": "se-vienen-las-presentaciones",
    "titulo": "SE VIENEN LAS PRESENTACIONES",
    "fecha": "14-01-2026",
    "fechaTexto": "14 de enero, 2026",
    "autor": "Adrián Puente",
    "imagen": "img/blog/se-vienen-las-presentaciones.webp",
    "excerpt": "Suceden cosas insólitas. El año ya empezó. Y ya está vigente la competencia inicial. Las escuderías imponen un primer desafío, evadir una presentación formal de un auto. Se ponen fechas."
  },
  {
    "id": "norris-campeon-del-mundo",
    "titulo": "NORRIS CAMPEON DEL MUNDO",
    "fecha": "09-12-2025",
    "fechaTexto": "9 de diciembre, 2025",
    "autor": "Adrián Puente",
    "imagen": "img/blog/norris-campeon-del-mundo.webp",
    "excerpt": "Ganó Norris. Ganó McLaren. El equipo inglés impuso su ley. Sin riesgos, con ambos pilotos. En pleno uso de sus convicciones conocidas como “Papaya Rules”."
  },
  {
    "id": "ahora-si-a-todo-o-nada",
    "titulo": "AHORA SI, A TODO O NADA",
    "fecha": "02-12-2025",
    "fechaTexto": "2 de diciembre, 2025",
    "autor": "Adrián Puente",
    "imagen": "img/blog/ahora-si-a-todo-o-nada.webp",
    "excerpt": "Se define el campeonato en Abu Dhabi. El suspenso se extiende hasta la última fecha del año. Si Lando Norris obtiene un podio, no habrá más discusión, será el dueño del título."
  },
  {
    "id": "vamos-nene",
    "titulo": "¡VAMOS NENE! HAY FRANCO PARA 2026",
    "fecha": "09-11-2025",
    "fechaTexto": "9 de noviembre, 2025",
    "autor": "Adrián Puente",
    "imagen": "img/blog/vamos-nene.jpg",
    "excerpt": "La renovación del vínculo de Franco Colapinto para 2026 me alegra, me estimula, me desafía, pero no me sorprende. Fueron meses describiendo como maduraban las opciones para Alpine."
  },
  {
    "id": "la-importancia-de-alpine-en-la-vida-de-colapinto",
    "titulo": "LA IMPORTANCIA DE ALPINE EN LA VIDA DE COLAPINTO",
    "fecha": "28-10-2025",
    "fechaTexto": "28 de octubre, 2025",
    "autor": "Adrián Puente",
    "imagen": "img/blog/la-importancia-de-alpine-en-la-vida-de-colapinto.jpg",
    "excerpt": "Se preguntan por qué es tan importante en la vida de Colapinto la renovación con Alpine para 2026. Ante todo, no hay otra opción. Todas las plazas restantes están ocupadas, salvo la segunda de Red Bull"
  },
  {
    "id": "la-f1-gana-en-salud",
    "titulo": "LA F1 GANA EN SALUD",
    "fecha": "16-10-2025",
    "fechaTexto": "16 de octubre, 2025",
    "autor": "Adrián Puente",
    "imagen": "img/blog/la-f1-gana-en-salud.jpg",
    "excerpt": "El reglamento de 2026 es un desafío de proporciones gigantescas. El motor cambia y su envoltorio cambia, tanto en modos de potencia, como en dimensiones."
  },
  {
    "id": "la-f1-debe-cambiar",
    "titulo": "LA F1 DEBE CAMBIAR",
    "fecha": "30-09-2025",
    "fechaTexto": "30 de septiembre, 2025",
    "autor": "Adrián Puente",
    "imagen": "img/blog/la-f1-debe-cambiar.webp",
    "excerpt": "El crecimiento de la F1 es indiscutible. Los motivos son múltiples. Uno de ellos coyunturales."
  },
  {
    "id": "por-que-volvio-a-ganar-red-bull",
    "titulo": "POR QUÉ VOLVIÓ A GANAR RED BULL",
    "fecha": "24-09-2025",
    "fechaTexto": "24 de septiembre, 2025",
    "autor": "Adrián Puente",
    "imagen": "img/blog/por-que-volvio-a-ganar-red-bull.webp",
    "excerpt": "Dos victorias consecutivas de Verstappen cambiaron la perspectiva del campeonato."
  },
  {
    "id": "colapinto-merece-mas",
    "titulo": "COLAPINTO MERECE MÁS",
    "fecha": "21-09-2025",
    "fechaTexto": "21 de septiembre, 2025",
    "autor": "Adrián Puente",
    "imagen": "img/blog/colapinto-merece-mas.webp",
    "excerpt": "Colapinto le ganó a Gasly en dos, de tres ensayos. También se impuso sobre su compañero en la clasificación."
  },
  {
    "id": "la-verdad-sobre-una-penalizacion-a-colapinto",
    "titulo": "LA VERDAD SOBRE UNA PENALIZACION A COLAPINTO",
    "fecha": "17-09-2025",
    "fechaTexto": "17 de septiembre, 2025",
    "autor": "Adrián Puente",
    "imagen": "img/blog/la-verdad-sobre-una-penalizacion-a-colapinto.webp",
    "excerpt": "A lo largo del año, cada equipo y por cada auto, puede usar cuatro motores. Desde el momento en que se usa una quinta unidad, el piloto en cuestión, pierde 10 lugares en la grilla de partida."
  },
  {
    "id": "briatore-da-senales-con-colapinto",
    "titulo": "BRIATORE DA SEÑALES CON COLAPINTO",
    "fecha": "11-09-2025",
    "fechaTexto": "11 de septiembre, 2025",
    "autor": "Adrián Puente",
    "imagen": "img/blog/briatore-da-senales-con-colapinto.webp",
    "excerpt": "Franco empató los parámetros de Gasly y en algunos casos, los empezó a superar. Franco Colapinto a partir de Canadá, ingresó en una segunda fase de evolución, y desde Zandvoort llegó a otro nivel de entendimiento con el auto."
  },
  {
    "id": "cuando-las-papaya-rules-hacen-dano",
    "titulo": "CUANDO LAS “PAPAYA RULES” HACEN DAÑO",
    "fecha": "08-09-2025",
    "fechaTexto": "8 de septiembre, 2025",
    "autor": "Adrián Puente",
    "imagen": "img/blog/cuando-las-papaya-rules-hacen-dano.webp",
    "excerpt": "Piastri se vió obligado a devolver la segunda posición a Norris, por un error en el box que dejó al británico más tiempo parado de lo normal."
  },
  {
    "id": "colapinto-gano-otra-pequena-batalla",
    "titulo": "COLAPINTO GANÓ OTRA PEQUEÑA BATALLA",
    "fecha": "08-09-2025",
    "fechaTexto": "8 de septiembre, 2025",
    "autor": "Adrián Puente",
    "imagen": "img/blog/colapinto-gano-otra-pequena-batalla.webp",
    "excerpt": "Pasó lo que tenía que pasar, más allá de todos los esfuerzos. Alpine estaba condenado al fondo de la clasificación."
  },
  {
    "id": "franco-debe-apostar-a-su-ingenio",
    "titulo": "FRANCO DEBE APOSTAR A SU INGENIO",
    "fecha": "06-09-2025",
    "fechaTexto": "6 de septiembre, 2025",
    "autor": "Adrián Puente",
    "imagen": "img/blog/franco-debe-apostar-a-su-ingenio.webp",
    "excerpt": "En Monza no se puede correr con un motor débil. Se acelera en el 80% del recorrido, se alcanzan velocidades máximas de 360 km/h."
  },
  {
    "id": "aron-ensayo-monza",
    "titulo": "ARON VA POR COLAPINTO EN EL PRIMER ENSAYO DE MONZA",
    "fecha": "03-09-2025",
    "fechaTexto": "3 de septiembre, 2025",
    "autor": "Adrián Puente",
    "imagen": "img/blog/aron-monza.jpg",
    "excerpt": "Es parte del programa de desarrollo de los pilotos rookies. Está dentro del reglamento, es normal, y no representa ningún riesgo, de que alguno de los pilotos titulares pierda sus butacas"
  },
  {
    "id": "franco-contesto-pista",
    "titulo": "FRANCO CONTESTÓ EN LA PISTA",
    "fecha": "01-09-2025",
    "fechaTexto": "1 de septiembre, 2025",
    "autor": "Adrián Puente",
    "imagen": "img/blog/franco-contesto-pista.webp",
    "excerpt": "Franco encontró el mejor auto posible en la segunda tanda del viernes. Quedó apenas un escalón debajo de la Q2 a sólo una décima de Bortoleto."
  },
  {
    "id": "briatore-politica-franco",
    "titulo": "BRIATORE HACE POLITICA CON FRANCO",
    "fecha": "30-08-2025",
    "fechaTexto": "30 de agosto, 2025",
    "autor": "Adrián Puente",
    "imagen": "img/blog/briatore-politica-franco.webp",
    "excerpt": "Acerca de las declaraciones de Flavio contra Colapinto. En principio nunca olviden el carácter político de sus palabras."
  },
  {
    "id": "colapinto-claves-2025-1",
    "titulo": "COLAPINTO ENCIENDE LA LUZ",
    "fecha": "30-08-2025",
    "fechaTexto": "30 de agosto, 2025",
    "autor": "Adrián Puente",
    "imagen": "img/blog/colapinto-enciende-luz.jpg",
    "excerpt": "Colapinto peleó con el tráfico y quedó a un suspiro de la Q2. El equipo entendió que la puesta a punto del viernes a la tarde era la adecuada."
  },
  {
    "id": "colapinto-claves-2025",
    "titulo": "COLAPINTO, LAS CLAVES PARA SU CONTINUIDAD",
    "fecha": "28-08-2025",
    "fechaTexto": "28 de agosto, 2025",
    "autor": "Adrián Puente",
    "imagen": "img/blog/franco-colapinto-alpine.webp",
    "excerpt": "Quedan diez rounds en este 2025, como en el boxeo. Serán golpe a golpe. Cada ensayo, cada clasificación y cada carrera serán objeto de una evaluación, posiblemente de carácter definitivo."
  }
]
